time_s,x_m,y_m,yaw_rad
0.0,0.0,0.0,0.0
0.01,-5.419935316010562e-07,-8.130510382420382e-09,0.029999991185640836
0.019999999999999997,-9.795522998948168e-07,-2.783395162988157e-08,0.05999998624481837
0.03,-1.3388995082878541e-06,-5.483563398176972e-08,0.08999998365948217
0.04,-1.6359003263243732e-06,-8.613582762843598e-08,0.11999998229298806
0.05,-1.883564098552612e-06,-1.1977503929195588e-07,0.14999998160685438
0.060000000000000005,0.00027672716623663106,4.522628118516537e-05,0.17268604914784738
0.07,0.0008824904892453672,0.0001589671135846435,0.1985208122719443
0.08,0.0008822772940382712,0.0001589208874063367,0.2285200722492393
0.09,0.0008764783377105703,0.00015748017345930553,0.25850660588379903
0.09999999999999999,0.0008821623333631704,0.00015907459966366447,0.288459320718512
0.10999999999999999,0.0008755254230476262,0.0001569962831275301,0.3184857759621911
0.11999999999999998,0.0008781624125835404,0.00015790982035727557,0.34849934267738025
0.12999999999999998,0.0008776143922203797,0.00015770135866444336,0.37847689216719926
0.13999999999999999,0.0008764140428903995,0.0001572030637605879,0.4084765322194586
0.15,0.0008735747587356889,0.00015592324239988053,0.4384865838329158
0.16,0.0008749854715723005,0.0001566107825748531,0.46849993724683403
0.17,0.0008713824026097166,0.0001547189810059736,0.49847689989808164
0.18000000000000002,0.0008682315111429483,0.00015294208766438247,0.5284786284294498
0.19000000000000003,0.0008675135696449944,0.00015250834440589842,0.5584499012682507
0.20000000000000004,0.0008658398567928881,0.00015142738308154753,0.588449511546391
0.21000000000000005,0.0008643208471300742,0.000150380484312168,0.6184297007420153
0.22000000000000006,0.0008663596633656207,0.00015187768517690195,0.6483871368326741
0.23000000000000007,0.0008641916733583154,0.00015018334986587693,0.678358579713878
0.24000000000000005,0.0008502292362097077,0.0001385797760617141,0.7084275227067433
0.25000000000000006,0.0008547392780907765,0.0001425629882578786,0.7384691643388058
0.26000000000000006,0.000854871252392014,0.00014268678119426845,0.768373888087935
0.2700000000000001,0.0008595900009170983,0.00014738652804301906,0.7983874735030481
0.2800000000000001,0.0008633398325744179,0.00015135241788977977,0.8283988843658835
0.2900000000000001,0.0008621460839605285,0.00015001153046006793,0.8583698055339473
0.3000000000000001,0.0008596107516457735,0.000146985824409814,0.8883320236741606
0.3100000000000001,0.00085807207272299,0.0001450335722377804,0.9183065427932176
0.3200000000000001,0.0008569681970894097,0.00014354314565889582,0.948313339023004
0.3300000000000001,0.0008567779993243371,0.00014326954889765567,0.9783179141322178
0.34000000000000014,0.0008586361687579187,0.0001461213833006671,1.0083186520563185
0.35000000000000014,0.0008601214014289872,0.00014855765939125203,1.0383299838780145
0.36000000000000015,0.0008608998801477428,0.00014992526531520817,1.0682923274773113
0.37000000000000016,0.0008586802408252355,0.00014573898279684216,1.098243939015419
0.38000000000000017,0.0008593352255185101,0.00014706913902581457,1.1282313449079866
0.3900000000000002,0.0008601162979087384,0.0001487832818102003,1.1582538179684547
0.4000000000000002,0.0008624632154208705,0.00015437249579457706,1.188250873286179
0.4100000000000002,0.0008619219153643176,0.00015296670419956236,1.218237002873448
0.4200000000000002,0.0008580205978777915,0.0001418506629773452,1.2482909850441992
0.4300000000000002,0.000858337389494533,0.00014284819826601493,1.278299551911033
0.4400000000000002,0.0008598558408551507,0.00014817925733133633,1.308327244577424
0.45000000000000023,0.0008573193275242989,0.0001381393166167071,1.3383375139046156
0.46000000000000024,0.0008561288353102947,0.00013275154055946336,1.3683202750589627
0.47000000000000025,0.0008547184173690993,0.0001253164066382922,1.398334613129128
0.48000000000000026,0.0008550055147190685,0.00012712457398698592,1.428330797777968
0.4900000000000002,0.000854718414925892,0.00012488464987271745,1.4583042003436206
0.5000000000000002,0.0008548608096280377,0.00012634047055420114,1.4882875164109637
0.5100000000000002,0.0008550468234898636,0.00012909197424680523,1.5183016818299948
0.5200000000000002,0.0008550166802592105,0.0001282888838662487,1.5482581036570058
0.5300000000000002,0.0008549928926921103,0.00012513663364002275,1.5782424005933202
0.5400000000000003,0.0008550030591859274,0.00012468390643625003,1.6082549344002357
0.5500000000000003,0.0008552079246192545,0.00012078267862214368,1.6382674696330641
0.5600000000000003,0.0008553010871779245,0.00011965554518353531,1.668259106368769
0.5700000000000003,0.0008553561962217957,0.00011916770185439212,1.6983090816023285
0.5800000000000003,0.0008554240117236229,0.00011869510006453285,1.728325729279863
0.5900000000000003,0.0008566371253899602,0.00011173262443470108,1.758275403402791
0.6000000000000003,0.0008568697474061882,0.00011059950538640863,1.7882778068778336
0.6100000000000003,0.00085505848525952,0.00011825046651228036,1.8182288295203308
0.6200000000000003,0.0008548430880920137,0.0001190523670449463,1.848192375017323
0.6300000000000003,0.0008551193541337525,0.00011813455213820232,1.8781557268632283
0.6400000000000003,0.0008533018004949042,0.0001235763311944037,1.9081376083061259
0.6500000000000004,0.0008525701233906835,0.00012556626650685844,1.9381461925252859
0.6600000000000004,0.00084903216679092,0.00013436444326162761,1.968118320248697
0.6700000000000004,0.0008490692213944955,0.00013427972858488538,1.9981353470490415
0.6800000000000004,0.0008527364217111907,0.0001265372417154073,2.028143837614158
0.6900000000000004,0.0008532041345474977,0.00012562182048105495,2.0581496915007502
0.7000000000000004,0.0008561808546820226,0.00012020303885593019,2.0881062063972475
0.7100000000000004,0.000856690231414383,0.00011933823052713269,2.11807839276014
0.7200000000000004,0.0008584076647349263,0.00011661259844069838,2.148037504360409
0.7300000000000004,0.00085810850093112,0.00011705724408956676,2.1780478736653124
0.7400000000000004,0.000858756882866486,0.00011615332133692325,2.208027245315758
0.7500000000000004,0.0008580739248997047,0.00011704754915223004,2.2380397366765026
0.7600000000000005,0.0008625930837563159,0.00011148443965954375,2.267998129935122
0.7700000000000005,0.0008678446747985474,0.00010540151500210467,2.297962418748584
0.7800000000000005,0.0008720893181831512,0.0001007729684837999,2.3279494630489324
0.7900000000000005,0.0008765160739674024,9.62272273218659e-05,2.357918827651697
0.8000000000000005,0.0008799863601811561,9.287100217172845e-05,2.3878841309614853
0.8100000000000005,0.0008830492476278478,9.008151344231886e-05,2.4178686672361893
0.8200000000000005,0.000885477489500962,8.799972028287666e-05,2.447853784384383
0.8300000000000005,0.0008837242456265826,8.941386512581242e-05,2.4778417045783865
0.8400000000000005,0.0008857206528250247,8.790008205487168e-05,2.5078184831301287
0.8500000000000005,0.0008898365627854476,8.496915482773954e-05,2.5377693916526023
0.8600000000000005,0.0008910764624319807,8.414108190025706e-05,2.5677665060583474
0.8700000000000006,0.0008959323356261669,8.110451420387859e-05,2.5977324546189733
0.8800000000000006,0.0008939044993227778,8.228953827170745e-05,2.627744942194654
0.8900000000000006,0.0008933437352158249,8.25950399438361e-05,2.6577633038136406
0.9000000000000006,0.0008960251063442773,8.123698538703559e-05,2.68778941711301
0.9100000000000006,0.0008974356536070836,8.057495301263103e-05,2.717748446326145
0.9200000000000006,0.0009008679315698184,7.908780435594579e-05,2.7477054835961443
0.9300000000000006,0.0008952371240448425,8.132953060728406e-05,2.77771387213113
0.9400000000000006,0.0008933908951053972,8.200109530356557e-05,2.80772973894297
0.9500000000000006,0.0008924314687356932,8.231782167679006e-05,2.8377430092663545
0.9600000000000006,0.0008993596797473172,8.025934988827203e-05,2.867827443064416
0.9700000000000006,0.000898877206686445,8.038706034939723e-05,2.8978276869577773
0.9800000000000006,0.0009010096505967074,7.989049350379911e-05,2.927786335458518
0.9900000000000007,0.0009049823946351386,7.909006140135572e-05,2.9577607520294436
1.0000000000000007,0.0009087383637019443,7.844986002094531e-05,2.9877714207838855
1.0100000000000007,0.0009121402178957101,7.79745603407328e-05,3.0177755197249434
1.0200000000000007,0.0009113799622358849,7.805761609202203e-05,3.0477785875375267
1.0300000000000007,0.0009208740067573835,7.73075705727966e-05,3.0777308368935983
1.0400000000000007,0.0009200365542057487,7.73485227366933e-05,3.1077305630373044
1.0500000000000007,0.0009257577482738936,7.724053183411821e-05,3.1377080504455845
1.0600000000000007,0.0009313794602106793,7.730294664673795e-05,3.167681257579335
1.0700000000000007,0.0009345702762744347,7.74340821910292e-05,3.197653434453824
1.0800000000000007,0.0009418557519838887,7.795253965452922e-05,3.2276186612667606
1.0900000000000007,0.0009446899951599811,7.823985245568031e-05,3.2576203433815665
1.1000000000000008,0.0009512406836174362,7.910330385399092e-05,3.2876755296669202
1.1100000000000008,0.0009545837460961119,7.964646281993151e-05,3.317641894123111
1.1200000000000008,0.0009494631526450379,7.8656219692158e-05,3.347596279687429
1.1300000000000008,0.0009510746199163434,7.901826560863493e-05,3.377586792997188
1.1400000000000008,0.0009574191165762187,8.064481093691503e-05,3.4075303283819705
1.1500000000000008,0.0009604353031611525,8.151521695490617e-05,3.437546018380208
1.1600000000000008,0.0009628416640802712,8.228853689076113e-05,3.467520429391624
1.1700000000000008,0.0009674830939462513,8.393508673180986e-05,3.4974661954333417
1.1800000000000008,0.0009674718952839451,8.393073190133601e-05,3.527469907778411
1.1900000000000008,0.0009742917573708297,8.682103429278485e-05,3.557434142247715
1.2000000000000008,0.0009730296191575576,8.624090217984819e-05,3.587438109475979
1.2100000000000009,0.0009726530330019223,8.605392336556623e-05,3.6174507184747133
1.2200000000000009,0.0009726807898178118,8.606875935175979e-05,3.647463182370168
1.2300000000000009,0.000969512308337672,8.425088484213765e-05,3.6774910314454132
1.2400000000000009,0.000974789672852764,8.749287351250252e-05,3.7074586068204773
1.2500000000000009,0.0009743499851781437,8.720425965372462e-05,3.737458206875312
1.260000000000001,0.00097501203018937,8.766781534040804e-05,3.7674307767677293
1.270000000000001,0.0009721446147273201,8.552919826090686e-05,3.797414105126986
1.280000000000001,0.0009758950799961406,8.850549560678905e-05,3.827400282746722
1.290000000000001,0.0009766507648603887,8.914305444419439e-05,3.8574161255644777
1.300000000000001,0.0009824297290808093,9.432311821489905e-05,3.8873760242342055
1.310000000000001,0.0009813298640030303,9.327609777262854e-05,3.9173864348435656
1.320000000000001,0.0009873168928911222,9.932783538499975e-05,3.9473451544726608
1.330000000000001,0.0009909139326032997,0.00010318850956533568,3.9773081990491534
1.340000000000001,0.000990690365741036,0.00010293365501010834,4.0072829832784125
1.350000000000001,0.0009912432190591163,0.00010360336325710502,4.037283748285038
1.360000000000001,0.0009935233156810627,0.00010654062370379966,4.067292651569288
1.370000000000001,0.000995123484677963,0.00010873487876244159,4.097303626725634
1.380000000000001,0.000994271492467286,0.00010748976876470814,4.127292023568301
1.390000000000001,0.0009925747552899324,0.00010484322521860012,4.1572791973196335
1.400000000000001,0.0009954157664355961,0.00010958137483292268,4.187242936565456
1.410000000000001,0.0009967016362112933,0.00011187948162197809,4.217267430999658
1.420000000000001,0.000998854310993295,0.00011601297038615701,4.2472304841762005
1.430000000000001,0.0009991673124958335,0.00011666067318744846,4.277233586502155
1.440000000000001,0.000997661204931795,0.00011328943891914581,4.307244216182826
1.450000000000001,0.00099816905725568,0.00011452383174497162,4.336911375183027
1.460000000000001,0.000997687600579183,0.0001132482222877656,4.36606316603287
1.470000000000001,0.0009989620022271592,0.00011694524665945577,4.394805865729666
1.480000000000001,0.0009988050031695382,0.00011644378497486267,4.423140529135675
1.490000000000001,0.0010006715792026369,0.00012305112100798615,4.450985532668856
1.500000000000001,0.001002473426634663,0.00013017742884016237,4.478484424328699
1.5100000000000011,0.0010012773702582833,0.00012483775405959036,4.5055796637297805
1.5200000000000011,0.0010018236439329215,0.00012762596152059784,4.53225387798163
1.5300000000000011,0.0010017932995124944,0.00012744596562206398,4.558496952795733
1.5400000000000011,0.0010028510001848928,0.00013490072690761003,4.584397326253418
1.5500000000000012,0.001003413476701304,0.00013975867590159722,4.609837661642206
1.5600000000000012,0.001003443661647015,0.0001400931317250812,4.6349261544938685
1.5700000000000012,0.0010037393321014373,0.0001446272436109629,4.659615752323659
1.5800000000000012,0.0010038415567084743,0.00014714356132526835,4.683957497202289
1.5900000000000012,0.0010038484710487884,0.00014756430906614248,4.707956505819009
1.6000000000000012,0.0010038360673321448,0.00014924410056708643,4.731589348713257
1.6100000000000012,0.0010037886039136823,0.00015078243553808413,4.754876562922829
1.6200000000000012,0.001003869510072352,0.00014928432584688684,4.777807567476562
1.6300000000000012,0.0010036535215437858,0.0001520951295206779,4.800353507240903
1.6400000000000012,0.0010033437177465587,0.00015521167950314485,4.822585470695898
1.6500000000000012,0.0010035557756284483,0.00015346981123019672,4.8444834434879205
1.6600000000000013,0.0010030555403083335,0.0001569469600342385,4.866061102792731
1.6700000000000013,0.0010039421599235495,0.00015159953896950052,4.887333751537121
1.6800000000000013,0.0010031365301707246,0.00015589504186430613,4.9082403935447125
1.6900000000000013,0.0010036672391651887,0.00015335743302661087,4.928869397525081
1.7000000000000013,0.0010030876920048269,0.0001558707675997054,4.949163899938152
1.7100000000000013,0.001001290949624254,0.0001630032335010316,4.969165825731233
1.7200000000000013,0.0010012697325470854,0.00016308091105227438,4.988889990982935
1.7300000000000013,0.0009989312792897604,0.00017102718105678125,5.008295465920411
1.7400000000000013,0.0009965281224965576,0.00017864854268644006,5.027383704029335
1.7500000000000013,0.0009963118336423638,0.00017929168908027165,5.04622703394962
1.7600000000000013,0.0009961118541727003,0.00017985146323424263,5.064789331736738
1.7700000000000014,0.0009941728920067542,0.0001849788690037329,5.083059020838523
1.7800000000000014,0.0009920257570483694,0.00019036002350603733,5.101024375566113
1.7900000000000014,0.0009912479633584804,0.00019221260031329564,5.118744734807634
1.8000000000000014,0.0009880298141730745,0.00019951535743640238,5.136179260105132
1.8100000000000014,0.0009894853477903764,0.00019636161587264356,5.153393646993235
1.8200000000000014,0.0009882824961511378,0.00019885502839560825,5.170340935400586
1.8300000000000014,0.000988308368017102,0.00019880362571625187,5.187033131298068
1.8400000000000014,0.0009900207438516102,0.00019553744651772698,5.203501668571634
1.8500000000000014,0.0009880274938090451,0.0001991930254363614,5.21967366827846
1.8600000000000014,0.0009863977210651164,0.0002020710906788691,5.235607351323148
1.8700000000000014,0.0009848379234352529,0.00020472679200450944,5.251286828246823
1.8800000000000014,0.000984757232189018,0.00020485940230409284,5.266759926798639
1.8900000000000015,0.0009824478148343961,0.00020852673946940192,5.281999094393643
1.9000000000000015,0.000980686533425182,0.00021123204507453636,5.297000821037508
1.9100000000000015,0.000978903345254213,0.00021388363161288474,5.311835577976958
1.9200000000000015,0.0009805238210254933,0.00021154890793532134,5.326420541835136
1.9300000000000015,0.0009807777102375478,0.00021119417733240904,5.34075987464111
1.9400000000000015,0.000978914535226109,0.00021372056727311884,5.354904807572792
1.9500000000000015,0.0009773353433015863,0.00021580022478978906,5.368792190782045
1.9600000000000015,0.0009731301815639215,0.00022118239039531967,5.382471330918288
1.9700000000000015,0.0009729712393947281,0.00022138022405674475,5.395943992869305
1.9800000000000015,0.0009743374762282637,0.00021972555592445297,5.409250520673448
1.9900000000000013,0.0009724093472664597,0.000221998915539884,5.4223548227747145
2.0000000000000013,0.000973275784483942,0.00022100386616794916,5.435256513535082
2.010000000000001,0.0009697575767433634,0.00022494135870143085,5.44796250026683
2.020000000000001,0.0009706918548597888,0.00022392192976700847,5.460498458558694
2.0300000000000007,0.0009691695683603228,0.00022554202179126065,5.472846559361809
2.0400000000000005,0.0009665566079356577,0.00022825549544376792,5.484990924187877
2.0500000000000003,0.0009641779011242211,0.00023066684033112405,5.496956132234788
2.06,0.0009633407608321762,0.0002314955652430126,5.508721384033648
2.07,0.0009623869190771565,0.00023241801059643204,5.520316302174989
2.0799999999999996,0.0009576732966834663,0.00023687265209968353,5.531738043991303
2.0899999999999994,0.0009566772982333359,0.00023779277981620365,5.542986689150945
2.099999999999999,0.0009574555716665936,0.00023708974784066912,5.554088408162293
2.109999999999999,0.0009552465803361644,0.00023904141728718642,5.565021329733926
2.1199999999999988,0.0009494564010798221,0.00024404631550598417,5.575785866523887
2.1299999999999986,0.0009482705316059805,0.0002450494161440755,5.586392688298307
2.1399999999999983,0.0009444718770037654,0.00024819469365150036,5.596815645826444
2.149999999999998,0.0009416261275903782,0.0002505017681828339,5.607081434142351
2.159999999999998,0.0009401236919485415,0.00025169462063654157,5.6172123130816525
2.1699999999999977,0.0009399420408014062,0.00025183588729942984,5.627192451686899
2.1799999999999975,0.0009383624381088095,0.00025303937713631007,5.63703831978727
2.1899999999999973,0.000933552121342896,0.00025663062327988754,5.646725586240553
2.199999999999997,0.0009289615538239462,0.00025998958003379966,5.656262365984198
2.209999999999997,0.000927842186865835,0.0002607924616576415,5.665670611125688
2.2199999999999966,0.0009230917239529239,0.0002641331692170541,5.67490794554385
2.2299999999999964,0.0009245623089298591,0.00026311908395210007,5.684066557979521
2.239999999999996,0.0009257577081000223,0.0002623106576297869,5.693045038218087
2.249999999999996,0.0009283059504478328,0.00026062025008620753,5.701902823201452
2.259999999999996,0.0009309797337047015,0.0002588802286913311,5.710633309159942
2.2699999999999956,0.0009300811258871785,0.000259454024624145,5.719185549837249
2.2799999999999954,0.0009286043333534324,0.0002603794469963081,5.72762456221984
2.289999999999995,0.0009275339993011313,0.00026103772879133814,5.735958394379938
2.299999999999995,0.0009314391722242838,0.0002586803044931095,5.744189192177463
2.3099999999999947,0.0009256452735025177,0.00026211379743605243,5.752253013733545
2.3199999999999945,0.000920229193698553,0.0002652650980208703,5.760196142570183
2.3299999999999943,0.0009135343017547746,0.00026909015981029557,5.7680152854581195
2.339999999999994,0.0009078919314721912,0.0002722560561967668,5.775714814454028
2.349999999999994,0.0009083824103693495,0.00027198576957825245,5.783332091085202
2.3599999999999937,0.0009107181193654208,0.00027072156099154827,5.790833389318422
2.3699999999999934,0.0009071405055073547,0.00027262372457769325,5.798190954536048
2.3799999999999932,0.0009053803264954342,0.00027354312555504814,5.8054704810524305
2.389999999999993,0.0009012424921082103,0.0002756666284060094,5.8126095306112395
2.399999999999993,0.0008991571985064472,0.00027671817709711856,5.819647310336959
2.4099999999999926,0.0008956328346428413,0.00027846464858875136,5.8265730627032095
2.4199999999999924,0.0008933929257267489,0.0002795554983157761,5.833400131981893
2.429999999999992,0.0008888169943307322,0.0002817457979606711,5.840115398628418
2.439999999999992,0.0008855233336785229,0.0002832954342833962,5.846729950247473
2.4499999999999917,0.0008808238687204936,0.00028546888982429035,5.8532568056932375
2.4599999999999915,0.0008748838507913842,0.00028816952020874865,5.859685197533191
2.4699999999999913,0.0008732532073510175,0.0002888983493429045,5.86604277592245
2.479999999999991,0.0008748126805657582,0.00028821307705696877,5.87227693917693
2.489999999999991,0.0008693640232317987,0.00029056720836118837,5.878427893099773
2.4999999999999907,0.0008666729164638658,0.00029171047879877676,5.884484674251881
2.5099999999999905,0.0008693277224460761,0.0002906014407969708,5.890462873602769
2.5199999999999902,0.0008709877099846811,0.0002899195186420328,5.896344665957993
2.52999999999999,0.000869080496229375,0.00029069001516540346,5.902142246422728
2.53999999999999,0.0008655288315928774,0.0002921011578889427,5.907842840359568
2.5499999999999896,0.0008608767350744193,0.0002939190986553904,5.913463990203112
2.5599999999999894,0.0008561396143177861,0.00029573988873404973,5.91899278068594
2.569999999999989,0.0008605591629267551,0.00029406901125393257,5.924467338757826
2.579999999999989,0.0008641334464449369,0.0002927398290083292,5.929849190189511
2.5899999999999888,0.0008674934405575653,0.00029151070992108045,5.93514272672047
2.5999999999999885,0.0008641969531908441,0.0002926970094869565,5.940350850110853
2.6099999999999883,0.0008607828338983574,0.0002939057220981224,5.945492541829763
2.619999999999988,0.000855078186412081,0.0002958927129230816,5.9505395731370045
2.629999999999988,0.0008585170195134516,0.0002947142160323208,5.955512998992585
2.6399999999999877,0.000853298398877996,0.00029647391196088187,5.960412496185907
2.6499999999999875,0.0008528716890726978,0.0002966154839655037,5.965261803828116
2.6599999999999873,0.0008492050554149659,0.0002978124707209184,5.970016182034385
2.669999999999987,0.0008487863454597365,0.0002979469778228175,5.974696616883547
2.679999999999987,0.0008492303474178978,0.00029780661820120004,5.979308148952234
2.6899999999999866,0.0008532814055851193,0.00029654636608475915,5.983859074098394
2.6999999999999864,0.0008486146496603546,0.0002979750890359112,5.988334449532138
2.709999999999986,0.0008478542484884642,0.0002982041864857331,5.992765653982111
2.719999999999986,0.0008492561320831814,0.00029778851946684254,5.997108369998887
2.7299999999999858,0.00085065217823376,0.0002973811246220133,6.00139054600707
2.7399999999999856,0.0008538273934654854,0.0002964691663908159,6.005613469818093
2.7499999999999853,0.0008488325634249763,0.00029788113392330214,6.009762134249825
2.759999999999985,0.0008467035928807709,0.0002984734886718875,6.013865391111566
2.769999999999985,0.0008468519510211592,0.00029843285987629496,6.017900198459146
2.7799999999999847,0.000846733375271611,0.00029846482336036786,6.021863820809109
2.7899999999999845,0.0008464699775731775,0.0002985347146924373,6.025770168441333
2.7999999999999843,0.0008411716928967023,0.0002999185827879724,6.029632453176621
2.809999999999984,0.0008442796044950678,0.00029911951737594957,6.033425735391616
2.819999999999984,0.0008477534254846906,0.0002982403151239521,6.037168345677431
2.8299999999999836,0.0008473056499851455,0.0002983518764922059,6.040853241854224
2.8399999999999834,0.0008473394102410385,0.00029834359621812523,6.0444792417038435
2.849999999999983,0.0008432290247573038,0.00029933606722973435,6.048051780864443
2.859999999999983,0.000842681406971259,0.0002994662394447398,6.051568621175862
2.869999999999983,0.0008387338698207551,0.0003003900619393655,6.055026366042802
2.8799999999999826,0.0008371412752011723,0.00030075700546121164,6.058436139546032
2.8899999999999824,0.0008360501599922497,0.0003010045217406805,6.06179086359331
2.899999999999982,0.000834512673456182,0.0003013479129555362,6.065100894682129
2.909999999999982,0.0008302017467476029,0.0003022958918773772,6.068357164036599
2.9199999999999817,0.000831490493176217,0.0003020168575279863,6.07156380746189
2.9299999999999815,0.000829348027792925,0.00030247360400774024,6.0747209329756595
2.9399999999999813,0.0008272620806263264,0.0003029114688356162,6.077834333958054
2.949999999999981,0.000822863113487758,0.0003038206745719002,6.080903800592589
2.959999999999981,0.0008210648811303228,0.00030418663752716086,6.083925265958239
2.9699999999999807,0.0008201657273294475,0.00030436681687646126,6.086908734775994
2.9799999999999804,0.0008164472537260705,0.00030510051881753043,6.089841370030583
2.9899999999999802,0.0008109266125309718,0.0003061731356886543,6.092726841840409
2.99999999999998,0.0008117369262139683,0.00030601810750344763,6.0955749300781426
3.00999999999998,0.0008101818552152019,0.0003063110675349485,6.098380258789932
3.0199999999999796,0.0008083447043773616,0.00030665187537033076,6.101142789666252
3.0299999999999794,0.0008067331959832184,0.0003069462541102848,6.103866546275681
3.039999999999979,0.0008066249973668828,0.0003069657165543292,6.1065564490033495
3.049999999999979,0.0008064642329262754,0.00030699419236930115,6.109195627510409
3.0599999999999787,0.0007988363384335283,0.00030832468231786953,6.111801002351854
3.0699999999999785,0.0007997191608445732,0.00030817304337919224,6.114357368368595
3.0799999999999783,0.000800770629398134,0.00030799518607251523,6.116882822944799
3.089999999999978,0.0007995856473461557,0.0003081925754489296,6.119367189998516
3.099999999999978,0.0007997352861082948,0.00030816802849918494,6.1218168910157145
3.1099999999999777,0.000797512531216743,0.00030852710356456,6.124230945892265
3.1199999999999775,0.0007993039295541122,0.0003082421172885834,6.12661189968272
3.1299999999999772,0.0007993200175666844,0.00030823959687885686,6.128957339579109
3.139999999999977,0.0007974730189927371,0.0003085245573630005,6.131261179401082
3.149999999999977,0.0007965302298439927,0.00030866781370733506,6.133517422157341
3.1599999999999766,0.0007896321071941294,0.0003097002298026724,6.135726155889938
3.1699999999999764,0.0007923121868937961,0.00030930516353385546,6.137935618439843
3.179999999999976,0.0007955518442894552,0.00030883485119171414,6.140102343072986
3.189999999999976,0.000795514293390897,0.000308840220048867,6.1422422560697445
3.1999999999999758,0.0007970975395407108,0.00030861728123842303,6.144345415625244
3.2099999999999755,0.000793115639121262,0.0003091694811585811,6.146427977132639
3.2199999999999753,0.000785688595059432,0.0003101840264471792,6.148420200259522
3.229999999999975,0.0007850071049657507,0.0003102757321030426,6.150424721820695
3.239999999999975,0.0007848895759107416,0.00031029130945198083,6.152401139127722
3.2499999999999747,0.0007891934766109314,0.00030972946561187497,6.154351712655565
3.2599999999999745,0.0007872657625006361,0.0003099773298306434,6.156263488070281
3.2699999999999743,0.0007840492720573292,0.0003103846805226314,6.158159476099868
3.279999999999974,0.0007798934739682208,0.0003109030431831307,6.1600281369622305
3.289999999999974,0.0007810939231058211,0.0003107555652553507,6.161862933254262
3.2999999999999736,0.000779433618864183,0.00031095647173542436,6.163666977462511
3.3099999999999734,0.0007722604527305682,0.00031181148607330406,6.165430661415368
3.319999999999973,0.0007733280670455531,0.00031168614172731883,6.167197976499631
3.329999999999973,0.0007779541097942644,0.00031115125774128525,6.168945928950398
3.3399999999999728,0.0007774031991990923,0.00031121399443515246,6.170645275461684
3.3499999999999726,0.0007741889000812452,0.0003115745793930881,6.172296437253417
3.3599999999999723,0.00076690638398433,0.00031237939607476326,6.173940366431632
3.369999999999972,0.0007668992375638932,0.0003123801740187333,6.175568462364516
3.379999999999972,0.000764177504878031,0.00031267199977108617,6.177177129957714
3.3899999999999717,0.0007650892243933288,0.00031257571056536555,6.178748109174148
3.3999999999999715,0.0007634678556614294,0.0003127443891274415,6.180298986044673
3.4099999999999713,0.0007600439538720575,0.0003130953005381011,6.181807331773734
3.419999999999971,0.0007556618584623112,0.0003135376450564299,6.183357623331897
3.429999999999971,0.0007547308553730867,0.0003136301802209791,6.18487779258004
3.4399999999999706,0.0007495577761761481,0.00031413656225895805,6.186338693237678
3.4499999999999704,0.0007460905198366298,0.0003144708850923673,6.1877805069358125
3.45999999999997,0.0007521561470867682,0.0003138947662944676,6.189196453381149
3.46999999999997,0.0007454245713131933,0.0003145245783104855,6.190595590228019
3.47999999999997,0.0007436365390738056,0.00031468935946390634,6.191978542470564
3.4899999999999696,0.0007360337819063739,0.0003153795393044594,6.193327962958258
3.4999999999999694,0.0007337145255444811,0.0003155869389937941,6.194666959467766
3.509999999999969,0.0007332589437614551,0.00031562706975492565,6.195983519638331
3.519999999999969,0.0007334652587925271,0.0003156091691560126,6.19729371715629
3.5299999999999687,0.0007300110388534256,0.00031590437709863556,6.198565258708243
3.5399999999999685,0.0007263532613039117,0.00031621232041556047,6.199824196735394
3.5499999999999683,0.000723110674268685,0.0003164812209277022,6.20106951335948
3.559999999999968,0.0007152023844549522,0.00031712708341437757,6.202324708023428
3.569999999999968,0.0007174627099749716,0.000316945312398181,6.203555139566305
3.5799999999999677,0.0007190805211720376,0.0003168171818101568,6.204745501478214
3.5899999999999674,0.0007116633191153079,0.00031739576220464374,6.205929976584809
3.5999999999999672,0.0007042299971920465,0.00031796687766520525,6.207078347944395
3.609999999999967,0.0007042562589141673,0.0003179648901515245,6.208218236504341
3.619999999999967,0.0007034807652995027,0.0003180227001066194,6.209335613249964
3.6299999999999666,0.0007050667384555553,0.00031790623720602827,6.210431969425795
3.6399999999999664,0.000695330498394473,0.0003186103542916273,6.21155161411465
3.649999999999966,0.000696940524452337,0.00031849569296105417,6.212624942381597
3.659999999999966,0.0006910978559551249,0.00031890553883375807,6.213681035237266
3.6699999999999657,0.0006953146618435762,0.00031861418729464604,6.214722952796237
3.6799999999999655,0.0006965796089174761,0.0003185280993907079,6.215744171203887
3.6899999999999653,0.0006954677001218374,0.0003186026422675528,6.216745855865707
3.699999999999965,0.0006898205525317913,0.00031897564635142143,6.217712836021492
3.709999999999965,0.0006780740175867129,0.0003197399904869857,6.218701479141002
3.7199999999999647,0.0006798676412831782,0.00031962502691499717,6.219652845331581
3.7299999999999645,0.0006702199666906038,0.0003202340909649605,6.220623789389678
3.7399999999999642,0.0006714363012814416,0.0003201584697249037,6.221563835471824
3.749999999999964,0.0006698595748013541,0.0003202550292216373,6.22247857966942
3.759999999999964,0.0006638439068076918,0.00032061796199675286,6.223375612175782
3.7699999999999636,0.000663385333629207,0.0003206452166903279,6.224267298340039
3.7799999999999634,0.0006600981512972057,0.0003208376925857878,6.225129957633936
3.789999999999963,0.0006553387640635512,0.0003211123054565633,6.225970048270385
3.799999999999963,0.000648788272050329,0.0003214847562679835,6.226805976828677
3.8099999999999627,0.0006506663022102955,0.000321379552817359,6.227645653160843
3.8199999999999625,0.0006454960633050345,0.00032166485266615815,6.228474426861151
3.8299999999999623,0.0006523705266982763,0.00032129118579350083,6.229291487384066
3.839999999999962,0.0006516925987186195,0.00032132748447197295,6.230094164786083
3.849999999999962,0.00064874403117072,0.0003214830177259335,6.230876632011074
3.8599999999999617,0.0006459387073446191,0.0003216287845796024,6.231665769762044
3.8699999999999615,0.0006482261211316255,0.00032151170196906926,6.232422939249231
3.8799999999999613,0.0006393921007868153,0.0003219571211158305,6.233191225354139
3.889999999999961,0.0006357469022046897,0.0003221381322062529,6.233946097009899
3.899999999999961,0.0006358860569597482,0.00032213132591975415,6.234679145946379
3.9099999999999606,0.0006373701397546788,0.00032205981101557504,6.2353900666105195
3.9199999999999604,0.0006294815948770227,0.0003224343086137882,6.236104586851771
3.92999999999996,0.0006263554102927237,0.00032258052996900807,6.236787948775522
3.93999999999996,0.0006231185520292767,0.00032272970399983706,6.23747572631292
3.9499999999999598,0.0006208867568594001,0.0003228310182498055,6.238165468359325
3.9599999999999596,0.0006265922018204779,0.0003225758579940525,6.238820234624422
3.9699999999999593,0.0006255762389350202,0.0003226206269512391,6.239476268953726
3.979999999999959,0.0006259501262732492,0.00032260439618188373,6.240127110635553
3.989999999999959,0.0006262907182619874,0.00032258982957270445,6.2407585955858025
3.999999999999959,0.0006227003930180218,0.0003227410959872692,6.241398474724552
4.009999999999959,0.0006231412453093994,0.0003227227983749614,6.242009584679413
4.019999999999959,0.0006243198279621001,0.00032267460210600937,6.242619744893279
4.0299999999999585,0.0006190454892666204,0.0003228871146634535,6.243210850348346
4.039999999999958,0.0006158167338664732,0.00032301531083191463,6.243792421898511
4.049999999999958,0.0006163048206406839,0.0003229962144558322,6.24436816086547
4.059999999999958,0.0006046207950090322,0.0003234466152190163,6.244943761493529
4.069999999999958,0.0005959860848819741,0.0003237746346265585,6.245486433709617
4.079999999999957,0.0005900757756263064,0.0003239958961185863,6.246046061783643
4.089999999999957,0.0005817352303312954,0.00032430355411236934,6.246583913785153
4.099999999999957,0.0005787245755923516,0.0003244129750137589,6.247129574446525
4.109999999999957,0.0005748577770724793,0.0003245514585615114,6.247644660658905
4.119999999999957,0.0005726399482439856,0.0003246297314898558,6.248170053673871
4.129999999999956,0.0005733737080909762,0.00032460421959502807,6.248691109486136
4.139999999999956,0.0005721659873898934,0.00032464558980774174,6.249196712578503
4.149999999999956,0.000574255855354234,0.0003245750683657722,6.249710603483138
4.159999999999956,0.0005687315818159726,0.0003247586865484805,6.250207614490796
4.1699999999999555,0.000560587543417314,0.0003250253465898657,6.250700438429384
4.179999999999955,0.0005481381023004805,0.0003254268625604731,6.25118907381636
4.189999999999955,0.0005427714050766264,0.0003255973630340946,6.25166271808045
4.199999999999955,0.0005357350620397753,0.000325817615491716,6.252124090285532
4.209999999999955,0.0005382754287063897,0.000325739269740445,6.252585404385686
4.2199999999999545,0.0005278660442330145,0.00032605555399681913,6.253034840385198
4.229999999999954,0.0005224451657151193,0.00032621784624461145,6.253476920657506
4.239999999999954,0.000521516429498851,0.00032624524539423127,6.253907720243735
4.249999999999954,0.0005180162246102302,0.0003263469838206195,6.254346416553069
4.259999999999954,0.0005132043489108237,0.0003264847122150104,6.254794622483869
4.269999999999953,0.0005119614045727296,0.00032651976190528886,6.25519308980484
4.279999999999953,0.0005136667392154089,0.0003264723693944188,6.255610347855115
4.289999999999953,0.0005096756696028101,0.00032658163798404417,6.256017397537331
4.299999999999953,0.0005052417399070345,0.00032670121383159516,6.256429551130324
4.3099999999999525,0.0005034296069689716,0.0003267493408557052,6.256837107557206
4.319999999999952,0.0004999511000061639,0.00032684034046458167,6.257224364331564
4.329999999999952,0.0004984218865222721,0.00032687974890710167,6.257616855974047
4.339999999999952,0.0004920401857369533,0.0003270417799161506,6.257984783077947
4.349999999999952,0.0004800485956797427,0.0003273418979303451,6.258341529447222
4.3599999999999515,0.0004691032973372021,0.0003276118545632686,6.258710755826168
4.369999999999951,0.0004605272287257144,0.00032782019534293637,6.259082866301506
4.379999999999951,0.000452063071246532,0.0003280227499404765,6.2594351544412925
4.389999999999951,0.00045370155454174557,0.0003279841189151174,6.259789578522225
4.399999999999951,0.0004487900556958402,0.00032809821184267467,6.26012987482042
4.40999999999995,0.00044625937769391863,0.0003281561428709056,6.2604657240352815
4.41999999999995,0.0004436091608265222,0.0003282159195494555,6.260801755304255
4.42999999999995,0.0004445901875320028,0.0003281941176961159,6.261129161167478
4.43999999999995,0.00044581661633040113,0.0003281672616692786,6.261452958470268
4.4499999999999496,0.00044253262091096136,0.0003282381359379039,6.261760916045455
4.459999999999949,0.0004436564237329586,0.00032821423333621836,6.262077329134618
4.469999999999949,0.00044777145633133293,0.0003281280095582413,6.262392687561478
4.479999999999949,0.00044664507710251693,0.00032815125962557863,6.262700947343488
4.489999999999949,0.00043909003603342266,0.00032830484993436987,6.2630162401012655
4.4999999999999485,0.0004319378277738606,0.00032844803584736925,6.263320084681362
4.509999999999948,0.00043289522721282975,0.00032842915661458397,6.263617069570995
4.519999999999948,0.00042783628488490794,0.00032852737002554575,6.263930775671036
4.529999999999948,0.00042239125666718066,0.000328631416555638,6.264227412604556
4.539999999999948,0.00041545968429398,0.0003287618251916202,6.264520207742402
4.549999999999947,0.00041001637917200556,0.0003288626514962028,6.2648086558843215
4.559999999999947,0.00040598153823873947,0.0003289362764895146,6.265071388133755
4.569999999999947,0.00040124795499093597,0.00032902136798240115,6.265350844338556
4.579999999999947,0.0004023997387973436,0.00032900097582873805,6.265613779362067
4.589999999999947,0.00039548753070928205,0.0003291215538894689,6.26587193837253
