epoch,time,train/box_loss,train/cls_loss,train/dfl_loss,metrics/precision(B),metrics/recall(B),metrics/mAP50(B),metrics/mAP50-95(B),val/box_loss,val/cls_loss,val/dfl_loss,lr/pg0,lr/pg1,lr/pg2
1,5.41737,0.48884,3.14626,0.88853,0.00422,1,0.51812,0.31982,0.48778,3.3061,0.86294,0.000486208,0.000486208,0.000486208
2,9.06986,0.56618,1.84363,0.8932,0.00403,0.96429,0.15864,0.04262,0.61767,3.43858,0.91299,0.00103156,0.00103156,0.00103156
3,12.6428,0.69468,1.48102,0.99186,0.00395,0.96429,0.01671,0.01053,0.84522,3.51649,1.04737,0.00156591,0.00156591,0.00156591
4,16.399,0.63164,2.24439,0.85009,0.00401,0.96429,0.02496,0.01514,1.02903,3.63845,1.1891,0.00161749,0.00161749,0.00161749
5,20.0809,0.63172,1.77487,0.9394,0.0042,1,0.01083,0.00592,1.05984,3.66012,1.17295,0.00160099,0.00160099,0.00160099
6,23.7126,0.5915,1.40912,0.89914,0.00392,0.96429,0.00793,0.00446,1.20851,3.60247,1.20906,0.00158448,0.00158448,0.00158448
7,27.3508,0.49257,1.20574,0.8861,0.00364,0.89286,0.03428,0.00765,1.77264,3.78152,1.69216,0.00156798,0.00156798,0.00156798
8,30.9414,0.52986,1.62941,0.88297,0.00403,0.96429,0.25282,0.20854,0.94987,3.24753,1.1354,0.00155148,0.00155148,0.00155148
9,34.9175,0.49904,1.11372,0.87576,0.58883,0.21079,0.48564,0.31731,1.06082,2.8941,1.19708,0.00153497,0.00153497,0.00153497
10,38.4878,0.43198,0.98737,0.86741,0.54906,0.42747,0.49016,0.37862,0.9271,2.79344,1.10827,0.00151847,0.00151847,0.00151847
11,42.463,0.40848,0.92414,0.87105,0.4982,0.42857,0.47244,0.37732,0.87153,2.58751,1.02246,0.00150197,0.00150197,0.00150197
12,46.6296,0.40547,0.89001,0.86744,0.63339,0.6051,0.59153,0.39466,0.82778,2.3304,1.00547,0.00148546,0.00148546,0.00148546
13,50.6476,0.39961,0.86375,0.86167,0.72004,0.72921,0.72402,0.46456,0.87194,1.84776,1.02299,0.00146896,0.00146896,0.00146896
14,55.1438,0.38906,0.93239,0.86121,0.68883,0.60042,0.66492,0.42097,0.88531,1.81798,1.01517,0.00145246,0.00145246,0.00145246
15,58.8197,0.38081,0.8379,0.84876,0.69452,0.75,0.74367,0.48041,1.00429,1.54279,1.04673,0.00143595,0.00143595,0.00143595
16,62.443,0.35708,0.79223,0.84754,0.81845,0.71429,0.78682,0.48928,1.08386,1.50274,1.10266,0.00141945,0.00141945,0.00141945
17,66.3105,0.33451,0.76629,0.84866,0.72187,0.78571,0.7628,0.45698,1.09323,1.649,1.15152,0.00140295,0.00140295,0.00140295
18,71.3041,0.35741,0.81329,0.85228,0.85162,0.85674,0.83647,0.49723,1.08006,1.56707,1.13207,0.00138644,0.00138644,0.00138644
19,76.1774,0.30175,0.60466,0.85149,0.84835,0.87694,0.84399,0.51902,1.06828,1.49218,1.12442,0.00136994,0.00136994,0.00136994
20,79.7937,0.32254,0.7016,0.85669,0.85824,0.82143,0.89558,0.52679,1.04702,1.47526,1.0951,0.00135344,0.00135344,0.00135344
21,83.515,0.31856,0.61943,0.84588,0.7891,0.74296,0.80343,0.5232,0.98771,1.39191,1.07798,0.00133693,0.00133693,0.00133693
22,88.4901,0.30168,0.61466,0.83941,0.76324,0.88959,0.87435,0.52579,0.95324,1.39748,1.06353,0.00132043,0.00132043,0.00132043
23,92.6408,0.23218,0.82246,0.72964,0.77484,0.89282,0.84395,0.54707,0.96838,1.46007,1.06632,0.00130393,0.00130393,0.00130393
24,96.8429,0.21712,0.79251,0.7297,0.75796,0.89286,0.8463,0.51923,0.89836,1.42791,1.06983,0.00128742,0.00128742,0.00128742
25,100.54,0.23962,0.49144,0.8401,0.73931,0.75,0.7848,0.5328,0.91392,1.38844,1.05232,0.00127092,0.00127092,0.00127092
26,104.251,0.21623,0.78145,0.73639,0.85954,0.85714,0.91713,0.55735,0.92357,1.40336,1.04256,0.00125442,0.00125442,0.00125442
27,107.832,0.20783,0.71817,0.73559,0.78999,0.85714,0.87605,0.53937,0.91369,1.33023,1.03698,0.00123791,0.00123791,0.00123791
28,111.553,0.23556,0.43901,0.83419,0.75573,0.85714,0.8314,0.54177,0.93302,1.35666,1.05196,0.00122141,0.00122141,0.00122141
29,116.474,0.19455,0.65928,0.72958,0.806,0.82143,0.87757,0.5345,0.92318,1.3179,1.03547,0.00120491,0.00120491,0.00120491
30,120.581,0.23461,0.43553,0.82622,0.78259,0.85714,0.87654,0.55341,0.89906,1.34986,1.01722,0.0011884,0.0011884,0.0011884
31,124.136,0.21173,0.39621,0.82972,0.76349,0.78571,0.78758,0.54376,0.86077,1.37563,1.02762,0.0011719,0.0011719,0.0011719
32,127.799,0.21616,0.41272,0.81739,0.87239,0.75,0.84879,0.52312,0.87602,1.44562,1.04188,0.0011554,0.0011554,0.0011554
33,132.003,0.20288,0.41123,0.82337,0.85634,0.74162,0.80827,0.52455,0.88817,1.42822,1.02051,0.00113889,0.00113889,0.00113889
34,135.744,0.22737,0.3977,0.8306,0.80841,0.78567,0.82039,0.55465,0.85307,1.26066,0.99571,0.00112239,0.00112239,0.00112239
35,139.717,0.17155,0.55982,0.72385,0.8014,0.88974,0.84336,0.55659,0.84715,1.26374,1.0069,0.00110589,0.00110589,0.00110589
36,143.278,0.17013,0.54678,0.72508,0.7578,0.75,0.80836,0.53703,0.8991,1.40635,1.02487,0.00108938,0.00108938,0.00108938
37,146.944,0.17053,0.52568,0.72164,0.79264,0.75763,0.76513,0.51991,0.904,1.41926,1.01947,0.00107288,0.00107288,0.00107288
38,150.648,0.17678,0.31193,0.8342,0.79603,0.89275,0.83045,0.5529,0.87727,1.33056,1.01431,0.00105638,0.00105638,0.00105638
39,154.379,0.15738,0.32311,0.82302,0.82713,0.86933,0.83598,0.53714,0.87572,1.33607,1.02623,0.00103987,0.00103987,0.00103987
40,158.073,0.17631,0.33649,0.82797,0.85259,0.88993,0.829,0.54375,0.87744,1.35931,1.02745,0.00102337,0.00102337,0.00102337
41,161.646,0.15679,0.49404,0.72051,0.81561,0.88516,0.82575,0.53519,0.87042,1.30628,1.02047,0.00100687,0.00100687,0.00100687
42,165.352,0.18592,0.32052,0.8188,0.81535,0.88858,0.86804,0.55069,0.89395,1.27004,1.02325,0.000990365,0.000990365,0.000990365
43,169,0.16945,0.34164,0.83051,0.83549,0.83767,0.88469,0.55031,0.902,1.29928,1.02679,0.000973861,0.000973861,0.000973861
44,173.23,0.19149,0.34019,0.81437,0.82695,0.85714,0.88609,0.54699,0.8873,1.27801,1.01742,0.000957358,0.000957358,0.000957358
45,177.006,0.1555,0.27571,0.81599,0.72409,0.77163,0.81437,0.55438,0.86683,1.30615,1.00721,0.000940855,0.000940855,0.000940855
46,180.85,0.15314,0.26866,0.81667,0.74846,0.84481,0.7987,0.55796,0.82157,1.34419,1.00394,0.000924352,0.000924352,0.000924352
47,184.605,0.16654,0.30731,0.81594,0.73948,0.79225,0.77829,0.55598,0.84867,1.36483,1.01659,0.000907848,0.000907848,0.000907848
48,188.343,0.1438,0.41107,0.71913,0.77441,0.80912,0.79318,0.53031,0.88247,1.42613,1.02696,0.000891345,0.000891345,0.000891345
49,193.235,0.15947,0.28749,0.81517,0.77087,0.81125,0.82337,0.55707,0.87513,1.35005,1.0219,0.000874842,0.000874842,0.000874842
50,197.511,0.14762,0.27162,0.82885,0.7708,0.84827,0.8373,0.5716,0.83843,1.25444,1.00204,0.000858338,0.000858338,0.000858338
51,201.647,0.1655,0.29222,0.82678,0.77981,0.85386,0.85191,0.58437,0.82855,1.16741,0.99136,0.000841835,0.000841835,0.000841835
52,206.886,0.13973,0.24768,0.81982,0.80289,0.92057,0.87117,0.57678,0.80035,1.16276,0.98677,0.000825332,0.000825332,0.000825332
53,210.906,0.14768,0.24871,0.82846,0.78236,0.9113,0.80367,0.58273,0.80764,1.17107,0.98732,0.000808828,0.000808828,0.000808828
54,214.87,0.14299,0.2537,0.83348,0.82254,0.95647,0.8343,0.5936,0.83843,1.16749,0.9854,0.000792325,0.000792325,0.000792325
55,220.185,0.14423,0.24388,0.81546,0.81494,0.92108,0.88132,0.57215,0.85087,1.18305,0.98471,0.000775822,0.000775822,0.000775822
56,224.014,0.14117,0.22199,0.82036,0.79443,0.85714,0.88712,0.57781,0.82872,1.21123,0.98734,0.000759318,0.000759318,0.000759318
57,227.644,0.13083,0.22087,0.83008,0.80895,0.77819,0.85585,0.57117,0.80243,1.19757,0.97878,0.000742815,0.000742815,0.000742815
58,231.58,0.12963,0.22587,0.81818,0.80702,0.77465,0.86398,0.57513,0.81154,1.19238,0.9797,0.000726312,0.000726312,0.000726312
59,235.575,0.14658,0.25702,0.831,0.85084,0.81379,0.88437,0.573,0.82838,1.23389,0.98715,0.000709809,0.000709809,0.000709809
60,240.419,0.12621,0.22492,0.80847,0.8467,0.8191,0.85979,0.57539,0.84497,1.22555,0.99504,0.000693305,0.000693305,0.000693305
61,245.358,0.12294,0.21983,0.8216,0.8436,0.81996,0.8939,0.55686,0.84261,1.22974,1.00519,0.000676802,0.000676802,0.000676802
62,249.65,0.10785,0.32261,0.71549,0.84487,0.8111,0.88981,0.56491,0.84977,1.24854,1.00961,0.000660299,0.000660299,0.000660299
63,254.24,0.12217,0.22524,0.84018,0.80979,0.77011,0.82483,0.56077,0.85306,1.28012,1.00462,0.000643795,0.000643795,0.000643795
64,259.216,0.1108,0.20902,0.8353,0.80924,0.77075,0.81716,0.54036,0.86666,1.28874,1.00809,0.000627292,0.000627292,0.000627292
65,262.855,0.103,0.18386,0.83605,0.80601,0.77742,0.82146,0.54194,0.85123,1.26503,1.01071,0.000610789,0.000610789,0.000610789
66,266.795,0.13673,0.23047,0.81279,0.75964,0.87753,0.81109,0.54282,0.87599,1.26786,1.01657,0.000594286,0.000594286,0.000594286
67,270.889,0.12233,0.19765,0.82858,0.75466,0.87917,0.8338,0.54342,0.88823,1.28057,1.01496,0.000577782,0.000577782,0.000577782
68,274.917,0.11118,0.19461,0.82774,0.73235,0.84452,0.8156,0.54488,0.86517,1.28977,1.01369,0.000561279,0.000561279,0.000561279
69,278.761,0.09981,0.2933,0.72099,0.7937,0.87457,0.84165,0.55498,0.84976,1.2795,1.01112,0.000544776,0.000544776,0.000544776
70,283.399,0.10232,0.18548,0.81681,0.78786,0.87611,0.84508,0.56028,0.84624,1.27454,1.00755,0.000528272,0.000528272,0.000528272
71,288.426,0.10689,0.19253,0.80939,0.81538,0.91231,0.86869,0.56387,0.85164,1.31155,1.00938,0.000511769,0.000511769,0.000511769
72,293.352,0.10343,0.20356,0.81745,0.8292,0.85714,0.88215,0.56061,0.86055,1.3268,1.01124,0.000495266,0.000495266,0.000495266
73,297.849,0.09721,0.18637,0.80484,0.82987,0.89149,0.87906,0.55338,0.87312,1.33695,1.01749,0.000478762,0.000478762,0.000478762
74,303.656,0.09225,0.16806,0.8151,0.76871,0.85203,0.83139,0.54612,0.86937,1.36991,1.0198,0.000462259,0.000462259,0.000462259
75,308.532,0.09699,0.17811,0.81407,0.73157,0.807,0.80694,0.54353,0.87047,1.38522,1.02362,0.000445756,0.000445756,0.000445756
76,314.06,0.08551,0.25892,0.719,0.84609,0.74508,0.8272,0.53792,0.87071,1.38293,1.02134,0.000429253,0.000429253,0.000429253
77,318.723,0.08971,0.166,0.84012,0.77016,0.85714,0.83621,0.5486,0.86587,1.3135,1.01176,0.000412749,0.000412749,0.000412749
78,323.422,0.08856,0.16927,0.82807,0.7696,0.87594,0.82172,0.54715,0.86341,1.28491,1.00877,0.000396246,0.000396246,0.000396246
79,328.32,0.08363,0.16455,0.8159,0.77238,0.87999,0.82212,0.55038,0.86223,1.30961,1.0073,0.000379743,0.000379743,0.000379743
80,333.495,0.08243,0.15986,0.83523,0.7857,0.88018,0.83819,0.54914,0.86696,1.32536,1.01024,0.000363239,0.000363239,0.000363239
81,339.096,0.08326,0.17319,0.82429,0.78708,0.82558,0.84129,0.5495,0.87626,1.29017,1.00947,0.000346736,0.000346736,0.000346736
82,343.985,0.0927,0.18194,0.81171,0.77557,0.85714,0.82571,0.54921,0.86124,1.27506,1.00341,0.000330233,0.000330233,0.000330233
83,349.32,0.06699,0.23592,0.71496,0.75959,0.85714,0.82498,0.55696,0.85267,1.2764,1.00172,0.000313729,0.000313729,0.000313729
84,353.757,0.06838,0.23662,0.71137,0.77841,0.85714,0.8243,0.56181,0.84345,1.28101,0.99968,0.000297226,0.000297226,0.000297226
85,359.014,0.06994,0.23649,0.71241,0.77929,0.85714,0.8243,0.56536,0.83903,1.27063,0.99831,0.000280723,0.000280723,0.000280723
86,365.332,0.06839,0.13953,0.81076,0.78111,0.85714,0.82803,0.56158,0.83484,1.23996,0.99532,0.00026422,0.00026422,0.00026422
87,370.232,0.07035,0.14846,0.8263,0.77506,0.85714,0.82569,0.55791,0.84049,1.24099,0.99604,0.000247716,0.000247716,0.000247716
88,375.222,0.05926,0.22331,0.7113,0.73231,0.82143,0.7972,0.55631,0.83819,1.25484,0.99725,0.000231213,0.000231213,0.000231213
89,380.622,0.07318,0.1446,0.80964,0.77702,0.82143,0.82661,0.55453,0.82901,1.25688,0.99518,0.00021471,0.00021471,0.00021471
90,385.364,0.05606,0.22292,0.72297,0.78155,0.82143,0.82718,0.56144,0.82788,1.23168,0.9924,0.000198206,0.000198206,0.000198206
91,390.109,0.06078,0.13704,0.82666,0.75972,0.85714,0.82935,0.56483,0.83096,1.21906,0.99326,0.000181703,0.000181703,0.000181703
92,394.788,0.06363,0.14214,0.81296,0.73515,0.82143,0.80294,0.56551,0.83747,1.21896,0.9955,0.0001652,0.0001652,0.0001652
93,399.531,0.05689,0.13329,0.81576,0.748,0.79524,0.79064,0.55935,0.84049,1.2377,0.99731,0.000148696,0.000148696,0.000148696
94,404.166,0.05016,0.21168,0.71612,0.75236,0.78571,0.78957,0.55912,0.83928,1.24527,0.99655,0.000132193,0.000132193,0.000132193
95,408.998,0.04494,0.20652,0.70732,0.78264,0.82143,0.79439,0.55766,0.83998,1.23666,0.9958,0.00011569,0.00011569,0.00011569
96,413.765,0.05739,0.12998,0.82458,0.73656,0.82143,0.79803,0.56577,0.84492,1.22915,0.99663,9.91865e-05,9.91865e-05,9.91865e-05
97,418.605,0.05771,0.13634,0.83007,0.75821,0.82143,0.80603,0.55991,0.84774,1.21673,0.99753,8.26832e-05,8.26832e-05,8.26832e-05
98,423.052,0.04726,0.20698,0.71763,0.73657,0.82143,0.80808,0.56626,0.84743,1.22746,0.99812,6.61799e-05,6.61799e-05,6.61799e-05
99,428.198,0.04543,0.22295,0.70734,0.73413,0.82143,0.80946,0.56503,0.84782,1.22088,0.99794,4.96766e-05,4.96766e-05,4.96766e-05
100,433.446,0.04378,0.11474,0.81826,0.73375,0.82143,0.80913,0.56376,0.85053,1.21976,0.99781,3.31733e-05,3.31733e-05,3.31733e-05
