split,capture_run,image,label,image_sha256
train,run4,data/images/train/0035d478-run4_rgb_000240.png,data/labels/train/0035d478-run4_rgb_000240.txt,c07005db46a957f6121529bd1c98dec9df7be317ac0fd97ceffabb361a356e80
train,run2,data/images/train/01c4ad4b-run2_rgb_000160.png,data/labels/train/01c4ad4b-run2_rgb_000160.txt,9942777a68fbd8670a5b13ad4825b2dcced753c6a319c256c600cc6d5c5604a8
train,run4,data/images/train/05047edb-run4_rgb_000180.png,data/labels/train/05047edb-run4_rgb_000180.txt,ad4cbadf44368ed0216930efec40f0ecc97b142bf1bea5371ee70aec4fc0252f
train,run3,data/images/train/066fbc3c-run3_rgb_000140.png,data/labels/train/066fbc3c-run3_rgb_000140.txt,c719f062dbdacf22e7a8261106a47cce9b6aba38edef256fc0c87f9a07a48aee
train,run4,data/images/train/09d905bb-run4_rgb_000260.png,data/labels/train/09d905bb-run4_rgb_000260.txt,c74eed210bf0f2a7c2b4f74fc63dd45104af868d6f94bae1d84a11a4e7b2238d
train,run2,data/images/train/0aa6af86-run2_rgb_000160.png,data/labels/train/0aa6af86-run2_rgb_000160.txt,9942777a68fbd8670a5b13ad4825b2dcced753c6a319c256c600cc6d5c5604a8
train,run2,data/images/train/144a3159-run2_rgb_000100.png,data/labels/train/144a3159-run2_rgb_000100.txt,a14f292a6c31214044adb2356938966ca07568df0c7e6a5842200e3e693811ab
train,run1,data/images/train/154fb265-run1_rgb_000380.png,data/labels/train/154fb265-run1_rgb_000380.txt,d4d74d14f0fd66039a515560fc7480a0132675e5a6d66fa06fef59beca58b3d4
train,run3,data/images/train/1610b222-run3_rgb_000000.png,data/labels/train/1610b222-run3_rgb_000000.txt,8c8402e869bd618ce7736b8352e0f8155939828d4e6adc3deed5e9e6990f9939
train,run4,data/images/train/180627ca-run4_rgb_000220.png,data/labels/train/180627ca-run4_rgb_000220.txt,7abfc8fc1857c5cef018c4c0effd83f2a72ec236966ee3f919a9f20d86d4be0e
train,run1,data/images/train/1b890d01-run1_rgb_000100.png,data/labels/train/1b890d01-run1_rgb_000100.txt,70469d1df4813ddab5b60d47084142b349c87b165e34755844411f557ad74123
train,run1,data/images/train/1c4e6e23-run1_rgb_000180.png,data/labels/train/1c4e6e23-run1_rgb_000180.txt,adf3fb615084b3181686bf04d37ebef73a27929f91c3875cf293b71bb246d451
train,run3,data/images/train/21d3e2dc-run3_rgb_000420.png,data/labels/train/21d3e2dc-run3_rgb_000420.txt,70dce9c68a9ef0d1fc5701b7cf0f04c0641b8fd1289c5a77a3f9b53e3a700066
train,run1,data/images/train/27273cdd-run1_rgb_000220.png,data/labels/train/27273cdd-run1_rgb_000220.txt,fa19567fdd483324d6de11e8a701d09b281663d02ff78de4aecdcb0d3b81045b
train,run2,data/images/train/28e988c1-run2_rgb_000060.png,data/labels/train/28e988c1-run2_rgb_000060.txt,5d128b7d7cafd3d3d78307535de2b05029436163499b191cca634fc5f095e0dd
train,run1,data/images/train/2a59e641-run1_rgb_000440.png,data/labels/train/2a59e641-run1_rgb_000440.txt,994e1c579135de49f0b3068194dbe7f079be039a584138602c9ce80f8ddf814f
train,run2,data/images/train/2b8fb93d-run2_rgb_000040.png,data/labels/train/2b8fb93d-run2_rgb_000040.txt,bf1270f3bc209c16adb72b625f1a9314f582b9d8b6d3db9ef6f46c326ae99f8a
train,run1,data/images/train/2c038744-run1_rgb_000440.png,data/labels/train/2c038744-run1_rgb_000440.txt,994e1c579135de49f0b3068194dbe7f079be039a584138602c9ce80f8ddf814f
train,run2,data/images/train/2c5d0e61-run2_rgb_000400.png,data/labels/train/2c5d0e61-run2_rgb_000400.txt,3763b5e7824b9a45601082b7246c53eb286df28c09844497fe05c46ba7883edd
train,run2,data/images/train/2c6cc8de-run2_rgb_000100.png,data/labels/train/2c6cc8de-run2_rgb_000100.txt,a14f292a6c31214044adb2356938966ca07568df0c7e6a5842200e3e693811ab
train,run2,data/images/train/2ca8b9d9-run2_rgb_000380.png,data/labels/train/2ca8b9d9-run2_rgb_000380.txt,b44fb4238c01913275923a876166394a7e1e63e2483d90471b2abeb10b05e452
train,run1,data/images/train/30cf328e-run1_rgb_000360.png,data/labels/train/30cf328e-run1_rgb_000360.txt,471a06d38865da21827b51fb720848c07d3f362f87e011850620233147c30713
train,run2,data/images/train/36910f84-run2_rgb_000140.png,data/labels/train/36910f84-run2_rgb_000140.txt,9c3bc1a3a985b758e9648637050e2444bb7ed200e131b7055561a519838302a8
train,run3,data/images/train/37f7ca82-run3_rgb_000260.png,data/labels/train/37f7ca82-run3_rgb_000260.txt,4953fc246ed342692b9f30e6d450d7f6cb13b554f22406760bca93c215d31ff6
train,run2,data/images/train/38e3a8a6-run2_rgb_000300.png,data/labels/train/38e3a8a6-run2_rgb_000300.txt,efd92ee0100de343200ed0bb01f91dbdb1c11f53acb272f32a68688eabc99281
train,run1,data/images/train/3a504082-run1_rgb_000200.png,data/labels/train/3a504082-run1_rgb_000200.txt,aac650f5ffcc534250bf8b99efc0c07bc01927380978429471576058a2f4044a
train,run2,data/images/train/3be810d5-run2_rgb_000320.png,data/labels/train/3be810d5-run2_rgb_000320.txt,7a5de4f294655ba2bd0022125430c2144d253a7a533e1d5fb572f7ff33df0803
train,run2,data/images/train/3df4983e-run2_rgb_000020.png,data/labels/train/3df4983e-run2_rgb_000020.txt,48dc731ecc8c6812a4bb8cd93b782fa9e659fd1bbd7602d79e5e71b5e6f46510
train,run2,data/images/train/40e5bab6-run2_rgb_000240.png,data/labels/train/40e5bab6-run2_rgb_000240.txt,18fbb2b0a1137e680c4fd21305b916a3d2596160f77e42ad79b39a82eb1038f0
train,run2,data/images/train/420d3d44-run2_rgb_000000.png,data/labels/train/420d3d44-run2_rgb_000000.txt,c7ab6b0ea3b0b8b8c0a5b3a819c050122a4a368b09d700ef780ba9cd037e4f37
train,run2,data/images/train/4319968e-run2_rgb_000360.png,data/labels/train/4319968e-run2_rgb_000360.txt,baf1595676686611a1ba31648da871e1f368ed136f266e863693af3229acf876
train,run2,data/images/train/4b470d59-run2_rgb_000080.png,data/labels/train/4b470d59-run2_rgb_000080.txt,bf1d43f8d542c96d06cedeb82220d126989848489578ae98bef4c09b74d66e0c
train,run1,data/images/train/50f741f7-run1_rgb_000420.png,data/labels/train/50f741f7-run1_rgb_000420.txt,1a6e606f61933a2211c49ee3f3d9f64a3c061ee94c0139d488148db6ba5d2bcd
train,run1,data/images/train/5a328c88-run1_rgb_000120.png,data/labels/train/5a328c88-run1_rgb_000120.txt,4ce6cc1958a05371d8fcfe556320ca2f068494c0139737461b49f097858969b5
train,run4,data/images/train/5c95170c-run4_rgb_000000.png,data/labels/train/5c95170c-run4_rgb_000000.txt,1d3660100c4dae09a5536f980ef154f74944876df11aabfbbc19aadca809b87c
train,run4,data/images/train/5dd4e60d-run4_rgb_000120.png,data/labels/train/5dd4e60d-run4_rgb_000120.txt,3b7336f7f5cea1228c1de14a737929c353c7576ff29fae573f681c1c17188461
train,run3,data/images/train/5fb7b694-run3_rgb_000080.png,data/labels/train/5fb7b694-run3_rgb_000080.txt,02c252bab97fd67b9d3963d8753074d5d931c5ff9a67c00ddf3ac53ba745734b
train,run1,data/images/train/656698f8-run1_rgb_000080.png,data/labels/train/656698f8-run1_rgb_000080.txt,c38bc910ecbd4d467722b55d58ea41852667a2ba4bbc12a682c1fbfd12df5cde
train,run2,data/images/train/66c264f9-run2_rgb_000240.png,data/labels/train/66c264f9-run2_rgb_000240.txt,18fbb2b0a1137e680c4fd21305b916a3d2596160f77e42ad79b39a82eb1038f0
train,run1,data/images/train/6716db06-run1_rgb_000140.png,data/labels/train/6716db06-run1_rgb_000140.txt,5fb919d3076c4e7c1a878fdd3337c51d15390cf06695789dda48defced0ae684
train,run3,data/images/train/672b5d2b-run3_rgb_000300.png,data/labels/train/672b5d2b-run3_rgb_000300.txt,6f8f0d87e10b5e36768cc4abaaa63db2c7eef55ccdf1d5793f3f2e79a8357771
train,run1,data/images/train/6773d799-run1_rgb_000160.png,data/labels/train/6773d799-run1_rgb_000160.txt,f641312db8c442767d4b8805d1dcfe8d514a4f0293b864240586f2b9cc9f860d
train,run4,data/images/train/68f0d9c5-run4_rgb_000020.png,data/labels/train/68f0d9c5-run4_rgb_000020.txt,a37ca43a8611060d624f6dc02aff0cab43bf71c866de31e413f1307ac7a304fc
train,run2,data/images/train/6f0e2ab7-run2_rgb_000440.png,data/labels/train/6f0e2ab7-run2_rgb_000440.txt,7495e94edd82ced9f74aeb172cc5fbfe9b2abe1a1e36244c1ba63bcaa8d6d076
train,run1,data/images/train/6f246218-run1_rgb_000300.png,data/labels/train/6f246218-run1_rgb_000300.txt,ed1d33d045e389081775ca14c58ac99d59707ab7fdb28443531809b27ba521e6
train,run2,data/images/train/6f5a5efa-run2_rgb_000220.png,data/labels/train/6f5a5efa-run2_rgb_000220.txt,8aa712729ff9958afe919b380d96b5076b970497451ff5638e10a045c5d3011b
train,run3,data/images/train/6fa53e22-run3_rgb_000040.png,data/labels/train/6fa53e22-run3_rgb_000040.txt,6663fba65432858e4cebe5de72e2dba515966913b12c8ca1389816723cbccbd2
train,run2,data/images/train/70b0aa4e-run2_rgb_000200.png,data/labels/train/70b0aa4e-run2_rgb_000200.txt,83cda6d3dab54b622d91a80f3b41a8ec7124893f41fea262fe3d3815004569b9
train,run2,data/images/train/7111bea3-run2_rgb_000420.png,data/labels/train/7111bea3-run2_rgb_000420.txt,d9601fc67cf90f565ac0f83bd4dbcd797e4f84cd2c87ba9c21853bad3957dbe9
train,run1,data/images/train/74dfdd1e-run1_rgb_000040.png,data/labels/train/74dfdd1e-run1_rgb_000040.txt,8c818f6e069cea10a7e5f245a8dc9c171a9db0f3c88aa2484b8245a045bb8443
train,run3,data/images/train/7503bfc4-run3_rgb_000360.png,data/labels/train/7503bfc4-run3_rgb_000360.txt,5075cea31423bd4e51b35f4fa501dc996b338853daabfe004b136e5c768d0bb7
train,run2,data/images/train/7844f248-run2_rgb_000400.png,data/labels/train/7844f248-run2_rgb_000400.txt,3763b5e7824b9a45601082b7246c53eb286df28c09844497fe05c46ba7883edd
train,run3,data/images/train/78af8537-run3_rgb_000320.png,data/labels/train/78af8537-run3_rgb_000320.txt,26d83ad2203b53aa04ffbc4dce02cd9b0940b94923351675bdae6a655b301a47
train,run4,data/images/train/78b584d2-run4_rgb_000360.png,data/labels/train/78b584d2-run4_rgb_000360.txt,89edc5665a27260f178345734eed4df31f738c545eeb155c76ef93f4a4d94964
train,run2,data/images/train/79c3fdf7-run2_rgb_000320.png,data/labels/train/79c3fdf7-run2_rgb_000320.txt,7a5de4f294655ba2bd0022125430c2144d253a7a533e1d5fb572f7ff33df0803
train,run3,data/images/train/7e8bd425-run3_rgb_000240.png,data/labels/train/7e8bd425-run3_rgb_000240.txt,d5a298834f8723f45fd19eb297e55f31ed3828b5c2edd5a0a8266fe55d2691a3
train,run3,data/images/train/7e928e3d-run3_rgb_000060.png,data/labels/train/7e928e3d-run3_rgb_000060.txt,b357161c0bd59664d3ad16ba6ca61c2741daebcdc189c96ecc3c3d4fb45eb26b
train,run2,data/images/train/816c5b36-run2_rgb_000340.png,data/labels/train/816c5b36-run2_rgb_000340.txt,2da4b97d6f4ef4ac19430086609c004601d92075c23760c524db7391ab27eebb
train,run2,data/images/train/819b40c3-run2_rgb_000280.png,data/labels/train/819b40c3-run2_rgb_000280.txt,5c712c3f7881f1c98b9f0aa87728d2e982042b030bbb576f8546c18102c5e5ba
train,run3,data/images/train/81a82c2d-run3_rgb_000400.png,data/labels/train/81a82c2d-run3_rgb_000400.txt,f1e494f28042056eee2bab9e9272f45bb4f309ffc53ae58bb5409a806da69df0
train,run2,data/images/train/84043479-run2_rgb_000120.png,data/labels/train/84043479-run2_rgb_000120.txt,ceaa7fcbab85eac792451cc60fc44865dceb8553d8cc26c9e799a8ea34c31d73
train,run2,data/images/train/854b1d8c-run2_rgb_000000.png,data/labels/train/854b1d8c-run2_rgb_000000.txt,c7ab6b0ea3b0b8b8c0a5b3a819c050122a4a368b09d700ef780ba9cd037e4f37
train,run1,data/images/train/864b7bb1-run1_rgb_000000.png,data/labels/train/864b7bb1-run1_rgb_000000.txt,df8d497c064b48048448a0f51b59a904067d6b0adb1da5bee96b2b66ada93a2f
train,run4,data/images/train/89593204-run4_rgb_000080.png,data/labels/train/89593204-run4_rgb_000080.txt,74519e9134719699d4ecf09536e67a937650d18c546f738e6fa6e2ccee2ac2e2
train,run2,data/images/train/89dfdd09-run2_rgb_000180.png,data/labels/train/89dfdd09-run2_rgb_000180.txt,3fe5918df38a303ec23284930903f8a350a612a2e6764f2675ba43f56e56e437
train,run2,data/images/train/8a25cf63-run2_rgb_000220.png,data/labels/train/8a25cf63-run2_rgb_000220.txt,8aa712729ff9958afe919b380d96b5076b970497451ff5638e10a045c5d3011b
train,run3,data/images/train/8b0393cd-run3_rgb_000200.png,data/labels/train/8b0393cd-run3_rgb_000200.txt,94e73ada14fc17161eb50ad36e42865b77a92d77322dcd276ea87550ba5483ba
train,run4,data/images/train/8c83009b-run4_rgb_000340.png,data/labels/train/8c83009b-run4_rgb_000340.txt,3557d67710a04182a6d6cd3a5d91dff62658625a51d716af9aaba6ea6dda6433
train,run4,data/images/train/8cef7c55-run4_rgb_000040.png,data/labels/train/8cef7c55-run4_rgb_000040.txt,8d3f27256b75c122ac11e8920959ce3be7bc19f6fde10886d1960c3540144a7c
train,run1,data/images/train/90584873-run1_rgb_000020.png,data/labels/train/90584873-run1_rgb_000020.txt,dacff7826d8cfecea6c3a21a1782242aad97be4fc4e49609c39f485d2a33145f
train,run1,data/images/train/95c11616-run1_rgb_000320.png,data/labels/train/95c11616-run1_rgb_000320.txt,002993654c4e9ca24f7ca917a84f15da185979624da947150a404a42a5571fdc
train,run1,data/images/train/9bed4fb5-run1_rgb_000400.png,data/labels/train/9bed4fb5-run1_rgb_000400.txt,87ec69dc32be35cca7d5872fb2bfba5220cf6719986a394373ad0952f45a6b3d
train,run2,data/images/train/9df030e1-run2_rgb_000180.png,data/labels/train/9df030e1-run2_rgb_000180.txt,3fe5918df38a303ec23284930903f8a350a612a2e6764f2675ba43f56e56e437
train,run4,data/images/train/9efa3c7e-run4_rgb_000160.png,data/labels/train/9efa3c7e-run4_rgb_000160.txt,acbdfc6668bc4117c859eeac76a7fd1ae0f5e982768f3a88bbf45c3c881610d1
train,run2,data/images/train/9f4261d5-run2_rgb_000020.png,data/labels/train/9f4261d5-run2_rgb_000020.txt,48dc731ecc8c6812a4bb8cd93b782fa9e659fd1bbd7602d79e5e71b5e6f46510
train,run3,data/images/train/a18dbd4c-run3_rgb_000220.png,data/labels/train/a18dbd4c-run3_rgb_000220.txt,5220fe49ae0bde11b548cb94ba618ce9b88dc907652a17b8d425750460a15648
train,run4,data/images/train/a4843406-run4_rgb_000280.png,data/labels/train/a4843406-run4_rgb_000280.txt,2b20dc9438cb1147a07ba632d87c7fa2c01d3b1972fc6236a5cb82c658df0dd5
train,run3,data/images/train/a5a47fec-run3_rgb_000100.png,data/labels/train/a5a47fec-run3_rgb_000100.txt,65f6f2aafb02cd9680abc41f3109d05645154f7b97f9758fb040c800d30d3db6
train,run1,data/images/train/a5dc61fb-run1_rgb_000060.png,data/labels/train/a5dc61fb-run1_rgb_000060.txt,40831eec132a6932d61b68b4a61659bcd5a3650e00e336a4b799f60ae9cde74b
train,run1,data/images/train/a6ee5aa8-run1_rgb_000240.png,data/labels/train/a6ee5aa8-run1_rgb_000240.txt,b19ba0b52802a5e3289acb3ac070b6857a72878d57d9445ad2d27cdeba9e2e53
train,run4,data/images/train/a9033933-run4_rgb_000420.png,data/labels/train/a9033933-run4_rgb_000420.txt,0bd646a8bf6588c178ab772f83ddc1728f3b296c91515c82ddc0a139fe872202
train,run4,data/images/train/acfca2e2-run4_rgb_000400.png,data/labels/train/acfca2e2-run4_rgb_000400.txt,bb940d290622eeb9074f0591b337a9fced139db754ef5840861319368fbc8d43
train,run3,data/images/train/b256da4a-run3_rgb_000180.png,data/labels/train/b256da4a-run3_rgb_000180.txt,b53a9de1ee92177becba8ccb1d5baebefe76c79f6341643e720a2f659e6c1c77
train,run2,data/images/train/b4f50853-run2_rgb_000360.png,data/labels/train/b4f50853-run2_rgb_000360.txt,baf1595676686611a1ba31648da871e1f368ed136f266e863693af3229acf876
train,run3,data/images/train/b7a91448-run3_rgb_000160.png,data/labels/train/b7a91448-run3_rgb_000160.txt,f7ab4d8cc2b5f870930048ecbcc7800c1ebefb887fefe46e11b5c10fb7ff8b47
train,run4,data/images/train/ba846998-run4_rgb_000140.png,data/labels/train/ba846998-run4_rgb_000140.txt,f53b27789c492e4f75dfc7cdb69eb334da78e2aced7abaf54d22067534ee2510
train,run4,data/images/train/bbe369f7-run4_rgb_000320.png,data/labels/train/bbe369f7-run4_rgb_000320.txt,36b7b7a4ed4c00949ccff95ae527481970e23323482db55458f3e9fb6644b6df
train,run4,data/images/train/bd24c6ab-run4_rgb_000380.png,data/labels/train/bd24c6ab-run4_rgb_000380.txt,0b380d174975eb54ee04f365667ee4e86497d7a57bf1a5ed57538abad1710a4a
train,run4,data/images/train/c12123fe-run4_rgb_000300.png,data/labels/train/c12123fe-run4_rgb_000300.txt,85f97797ab5b3d8f8a1773f8339f0b3196d3bb81b0145e4cdbd57662d70d8743
train,run2,data/images/train/c14cd25e-run2_rgb_000040.png,data/labels/train/c14cd25e-run2_rgb_000040.txt,bf1270f3bc209c16adb72b625f1a9314f582b9d8b6d3db9ef6f46c326ae99f8a
train,run1,data/images/train/c15a3835-run1_rgb_000340.png,data/labels/train/c15a3835-run1_rgb_000340.txt,bfd209a1752b39c39e4aca29b7d750d0472069bf1dda054cac506bfa530e8678
train,run3,data/images/train/c29469e8-run3_rgb_000440.png,data/labels/train/c29469e8-run3_rgb_000440.txt,d0c6d053415b132c731194d2d223680f22c6197975b2e95e5a80d5bfa98ba00c
train,run2,data/images/train/c6f94f0b-run2_rgb_000140.png,data/labels/train/c6f94f0b-run2_rgb_000140.txt,9c3bc1a3a985b758e9648637050e2444bb7ed200e131b7055561a519838302a8
train,run2,data/images/train/c8d87f5e-run2_rgb_000300.png,data/labels/train/c8d87f5e-run2_rgb_000300.txt,efd92ee0100de343200ed0bb01f91dbdb1c11f53acb272f32a68688eabc99281
train,run1,data/images/train/ce09e527-run1_rgb_000280.png,data/labels/train/ce09e527-run1_rgb_000280.txt,d578f2a4518eb08abe16c023b7985db0fd71a06136e7abc370c044d0b1cced74
train,run3,data/images/train/d25d45fa-run3_rgb_000120.png,data/labels/train/d25d45fa-run3_rgb_000120.txt,46754900cac6b0b0910eb397103e175b0897c004dfa6463f3fc4314e9abf7cdd
train,run3,data/images/train/d498fe5a-run3_rgb_000020.png,data/labels/train/d498fe5a-run3_rgb_000020.txt,f96cf3103e5ca7a7f84927ff4dcf4d4529d78235e7b5b489e04f1e3820b0b80d
train,run1,data/images/train/d6c1bfb0-run1_rgb_000420.png,data/labels/train/d6c1bfb0-run1_rgb_000420.txt,1a6e606f61933a2211c49ee3f3d9f64a3c061ee94c0139d488148db6ba5d2bcd
train,run2,data/images/train/d76db628-run2_rgb_000060.png,data/labels/train/d76db628-run2_rgb_000060.txt,5d128b7d7cafd3d3d78307535de2b05029436163499b191cca634fc5f095e0dd
train,run4,data/images/train/d7dcf0ef-run4_rgb_000100.png,data/labels/train/d7dcf0ef-run4_rgb_000100.txt,1e3be1b74aae49e0106f9fea80dc193bf1872c92bd2de43256e4f48afe120e65
train,run2,data/images/train/d9bc9ef6-run2_rgb_000380.png,data/labels/train/d9bc9ef6-run2_rgb_000380.txt,b44fb4238c01913275923a876166394a7e1e63e2483d90471b2abeb10b05e452
train,run2,data/images/train/db19f52d-run2_rgb_000260.png,data/labels/train/db19f52d-run2_rgb_000260.txt,a09a5394816ff254b57d2e49f28aebe3e477e626edba8b9236c7361a4b4eb70c
train,run4,data/images/train/db5dc41d-run4_rgb_000200.png,data/labels/train/db5dc41d-run4_rgb_000200.txt,db4ded81e079111fc9386fc309ff8de786f80852ee1f874514de4bf4c7cf4425
train,run4,data/images/train/e5f6e08c-run4_rgb_000440.png,data/labels/train/e5f6e08c-run4_rgb_000440.txt,bfc1727818626ae1d81ab406729b96b3677e48fd9952355bd9b237fe88a2be64
train,run2,data/images/train/e63bf5a4-run2_rgb_000260.png,data/labels/train/e63bf5a4-run2_rgb_000260.txt,a09a5394816ff254b57d2e49f28aebe3e477e626edba8b9236c7361a4b4eb70c
train,run3,data/images/train/e7b44a62-run3_rgb_000340.png,data/labels/train/e7b44a62-run3_rgb_000340.txt,e306eba30fb4cc8be41c0af8ca1706db94f2c12d2992613df4abd2d620b1f2e7
train,run2,data/images/train/e83bb80a-run2_rgb_000340.png,data/labels/train/e83bb80a-run2_rgb_000340.txt,2da4b97d6f4ef4ac19430086609c004601d92075c23760c524db7391ab27eebb
train,run2,data/images/train/e942b7bb-run2_rgb_000080.png,data/labels/train/e942b7bb-run2_rgb_000080.txt,bf1d43f8d542c96d06cedeb82220d126989848489578ae98bef4c09b74d66e0c
train,run2,data/images/train/ebc8ca19-run2_rgb_000200.png,data/labels/train/ebc8ca19-run2_rgb_000200.txt,83cda6d3dab54b622d91a80f3b41a8ec7124893f41fea262fe3d3815004569b9
train,run2,data/images/train/f271fc9f-run2_rgb_000120.png,data/labels/train/f271fc9f-run2_rgb_000120.txt,ceaa7fcbab85eac792451cc60fc44865dceb8553d8cc26c9e799a8ea34c31d73
train,run1,data/images/train/f8dc78bf-run1_rgb_000260.png,data/labels/train/f8dc78bf-run1_rgb_000260.txt,6a9a97551de74395d848a221116d6cf71ed82ea48869f2a8157b5d15c4062ef3
train,run4,data/images/train/fe1912f5-run4_rgb_000060.png,data/labels/train/fe1912f5-run4_rgb_000060.txt,665f2a6bdfbe5658c7d66f5fa454defe6e81ebe3231e2e9822eaa96cc6f9a374
train,run3,data/images/train/ffcf35db-run3_rgb_000280.png,data/labels/train/ffcf35db-run3_rgb_000280.txt,19f336e694301aa09a37fa77d15e60497ec1636c3a983daaba4254bf206e5665
train,run3,data/images/train/ffd8203d-run3_rgb_000380.png,data/labels/train/ffd8203d-run3_rgb_000380.txt,6997fbddc89efcd43620dfe15341debe1cbf9facb25d06d628d397995d7fc9ed
train,run2,data/images/train/fff72a19-run2_rgb_000280.png,data/labels/train/fff72a19-run2_rgb_000280.txt,5c712c3f7881f1c98b9f0aa87728d2e982042b030bbb576f8546c18102c5e5ba
val,run5,data/images/val/0c3d9d9d-run5_rgb_000140.png,data/labels/val/0c3d9d9d-run5_rgb_000140.txt,a502f6ad55d51ed0224f8d58943d517372f49b84b8d22b823ad6001eeadd4bec
val,run5,data/images/val/128a0e0f-run5_rgb_000360.png,data/labels/val/128a0e0f-run5_rgb_000360.txt,648d52c97847e68eaa4f46472bd76bb8e02b5ee3f64dabf174af1235a5d5325e
val,run5,data/images/val/15f5de08-run5_rgb_000020.png,data/labels/val/15f5de08-run5_rgb_000020.txt,98e9ba0e4fa56ffd09f53b9cb54a7f261e9fde6069fc9741d95bda77ae0f5b7d
val,run5,data/images/val/1e9a25a8-run5_rgb_000440.png,data/labels/val/1e9a25a8-run5_rgb_000440.txt,a645e18a3c6b164c843df67312d0ebf0dc0557d16ee88c0a697d4b1722c1192a
val,run5,data/images/val/1ea0003f-run5_rgb_000220.png,data/labels/val/1ea0003f-run5_rgb_000220.txt,f3e730ccc5ff5de8844221b15b6bdd4cd18b2f41ed0033945ada3cacf8073126
val,run5,data/images/val/1ee57f98-run5_rgb_000420.png,data/labels/val/1ee57f98-run5_rgb_000420.txt,bf40d0e3967d05f7c709e653588224bcd3fbc4a7fc4065727e893ecc268fc616
val,run5,data/images/val/2811bb15-run5_rgb_000320.png,data/labels/val/2811bb15-run5_rgb_000320.txt,d90d02940f5e066187237232b9bac4376d39b07e5fa30fa8c60704c211bbdd83
val,run5,data/images/val/3c77d233-run5_rgb_000380.png,data/labels/val/3c77d233-run5_rgb_000380.txt,c530d22e214f3e0959a3e645065469b761f247e185a004a57f0dcdca3faca93b
val,run5,data/images/val/45800f4b-run5_rgb_000200.png,data/labels/val/45800f4b-run5_rgb_000200.txt,9b1a14a7454fa6a8a4895a09a46035d7517d3fe9a398e134c8ad00e2bc19a56d
val,run5,data/images/val/45f4f01e-run5_rgb_000260.png,data/labels/val/45f4f01e-run5_rgb_000260.txt,5847a7105e6219a5fd16b094cf233902812b3dacafda21a57f2beef5c16522a6
val,run5,data/images/val/5aa6df7b-run5_rgb_000080.png,data/labels/val/5aa6df7b-run5_rgb_000080.txt,f5a2595521226762d7ddeca171169527df2f2ea2fd2efa7f5de2212dca1464c0
val,run5,data/images/val/60e2ff51-run5_rgb_000000.png,data/labels/val/60e2ff51-run5_rgb_000000.txt,da1282eb6ba6972ae69a57a439d17658f9f0682409cbfaace8383049d26e3475
val,run5,data/images/val/8249ea46-run5_rgb_000120.png,data/labels/val/8249ea46-run5_rgb_000120.txt,959c99b18609ce9c577690efc5865398ccf57d5baed0c288c4c61a9d24f4764a
val,run5,data/images/val/93f22a62-run5_rgb_000100.png,data/labels/val/93f22a62-run5_rgb_000100.txt,f360f72500d537af19ae70a94528cbed44ee5b623ac8d7a133145058a3e4fd2a
val,run5,data/images/val/94e1f660-run5_rgb_000160.png,data/labels/val/94e1f660-run5_rgb_000160.txt,e0c4460ae7561cca4084c5b26c119e37829204edc5a45aff21a77a8fc754ba8e
val,run5,data/images/val/a3343c4b-run5_rgb_000280.png,data/labels/val/a3343c4b-run5_rgb_000280.txt,ea53e8e95e8a4e82ddb1d8be2d306fd920ee08bac0c481b6fd391b6b150e5c3e
val,run5,data/images/val/accb4a19-run5_rgb_000300.png,data/labels/val/accb4a19-run5_rgb_000300.txt,1dbad32e6b82a055755fabcaf31cb7895ca41ecc86b65528349e05803693eb1e
val,run5,data/images/val/ad32220e-run5_rgb_000340.png,data/labels/val/ad32220e-run5_rgb_000340.txt,de27eba7994240c7a0159e1413e87ae3628c13e465a56f84aad0700a015e1cb5
val,run5,data/images/val/cbf6658c-run5_rgb_000040.png,data/labels/val/cbf6658c-run5_rgb_000040.txt,c87790793b615a4d7fc240137e314178fb857472e1520a95cedb489268c2145a
val,run5,data/images/val/d080db86-run5_rgb_000180.png,data/labels/val/d080db86-run5_rgb_000180.txt,ee24ccc49915b67ae52b43ab18e6b5d9198799adc5b668f27aac37614dc03935
val,run5,data/images/val/d8546bae-run5_rgb_000060.png,data/labels/val/d8546bae-run5_rgb_000060.txt,44d08bc116396a060c64b866e2378e3f64bd88c8787b15c1336c9f8e6bae075a
val,run5,data/images/val/dbea9e10-run5_rgb_000240.png,data/labels/val/dbea9e10-run5_rgb_000240.txt,5d338754c9347a868718c219c744a1194800434a3d98c5d192f218fb40321446
val,run5,data/images/val/fe65194e-run5_rgb_000400.png,data/labels/val/fe65194e-run5_rgb_000400.txt,592947293f7bb8f49ba990f45443b30a2d79512e2632c396c019e70c996e1503
